sample	ngml_av	se_mean	flag
165.2	106.162285080586	3.59704813951439	
v1187.3	304.042775517983	9.22671949881794	
v1202.1	100	0	LLQ
v1205.6	239.917861169364	20.4923007885637	
