sample	ngml_av	se_mean	flag
v1209.2-chaps	234.596033442649	6.71078867558591	
v1187.3	189.646767629865	14.096521290766	
