sample	ngml_av	se_mean	flag
v1205.6+CHAPS	454.251865868939	5.73048245051028	
