sample	ngml_av	se_mean	flag
v1205.6+CHAPS	390.262861384688	5.11597825000831	
