sample	mgml_av	flag
PL1	55.7785721262007	
PL2	68.0767393893733	
PL3	59.7432983179951	
41M	0.1	LLQ
44F	0.257424933525483	
1839	0.196544777784186	
1867	0.127415298499241	
