sample	mgml_av	flag
v1224.6-nochaps	0.321226234971739	
165.2-noBSA	0.22344082885353	
165.2+1mg/mL_BSA	1.1496641956052	
